,robin,worm fence,dock,tub
0,10.867748,3.033802,-0.58167684,0.865024
1,9.975572,5.159396,-0.1513282,1.8098569
2,11.240982,2.8592172,4.8773537,4.315901
3,11.969906,3.2745073,1.3802841,1.6372292
4,10.226823,2.4855332,1.1843947,5.3241315
5,11.50391,0.6308749,1.6730224,2.3332758
6,10.629065,3.2278223,0.6583857,0.54765236
7,12.01327,2.9438794,1.2601986,0.9646885
8,10.828261,4.349781,0.5091465,-0.5444665
9,11.490908,4.1007786,0.89006066,0.02079928
